{"cameraMode":{"drawMode":0,"name":"Shaded","section":"Shading Mode"},"sceneLighting":true,"audioPlay":false,"sceneViewState":{"m_AlwaysRefresh":false,"showFog":true,"showSkybox":true,"showFlares":true,"showImageEffects":true,"showParticleSystems":true,"showVisualEffectGraphs":true,"m_FxEnabled":false},"in2DMode":false,"pivot":{"x":-6.6354546546936039,"y":1.7971912622451783,"z":-4.636004447937012},"rotation":{"x":0.001277494360692799,"y":0.9633239507675171,"z":-0.27162888646125796,"w":-0.006887501571327448},"size":0.8586636185646057,"orthographic":false}