{"cameraMode":{"drawMode":0,"name":"Shaded","section":"Shading Mode"},"sceneLighting":true,"audioPlay":false,"sceneViewState":{"m_AlwaysRefresh":false,"showFog":true,"showSkybox":true,"showFlares":true,"showImageEffects":true,"showParticleSystems":true,"showVisualEffectGraphs":true,"m_FxEnabled":false},"in2DMode":false,"pivot":{"x":-6.735980987548828,"y":0.27718448638916018,"z":-7.619742393493652},"rotation":{"x":0.009365509264171124,"y":-0.972141683101654,"z":0.23182396590709687,"w":0.03914114087820053},"size":2.6138906478881838,"orthographic":false}